,Month,Activity_id,Tot_budget,Tot_cost,n_beneficiaries,n_volunteers,n_staff,beneficiary_id,beneficiary_dropout
0,January,0,18000,18180.37189981426,113,8,5,"[45, 52, 1330, 1108, 18, 1923, 1804, 780, 1405, 443, 1984, 864, 1486, 59, 1080, 454, 1564, 896, 1015, 1132, 477, 707, 472, 1386, 448, 1558, 941, 1950, 593, 1897, 44, 852, 1715, 1876, 1139, 1888, 1315, 204, 380, 1288, 1482, 1761, 607, 247, 1521, 681, 1834, 1477, 1993, 1456, 1025, 1917, 1980, 1039, 1699, 1864, 1372, 388, 621, 581, 1203, 1807, 1022, 1733, 1926, 1034, 805, 1206, 1747, 70, 983, 497, 1523, 1633, 827, 848, 1361, 354, 751, 1123, 1439, 1588, 1381, 1511, 767, 177, 898, 1359, 1041, 221, 1594, 335, 1066, 1720, 758, 1002, 1500, 60, 961, 89, 631, 1440, 1737, 1259, 1214, 1184, 806, 1325, 348, 345, 1028, 464, 25, 1578, 408, 1105, 1884, 1122, 475, 828]","[0, 0, 0, 0, 0, 0, 0, 1, 1, 1, 1, 0, 1, 0, 0, 0, 0, 1, 0, 0, 0, 0, 0, 0, 0, 0, 0, 1, 0, 0, 0, 0, 0, 0, 0, 0, 1, 0, 0, 0, 1, 0, 0, 0, 1, 0, 1, 0, 0, 0, 1, 1, 0, 0, 0, 0, 0, 0, 0, 0, 0, 1, 1, 0, 1, 0, 1, 1, 0, 0, 0, 1, 0, 1, 1, 0, 0, 1, 1, 1, 0, 0, 0, 0, 0, 0, 0, 0, 0, 0, 0, 0, 1, 1, 0, 0, 0, 1, 1, 0, 0, 0, 1, 1, 0, 1, 0, 0, 1, 0, 1, 0, 0, 1, 0, 1, 0, 1, 0, 0]"
1,January,1,13000,8664.416713323155,42,2,4,"[1052, 704, 1950, 1735, 1183, 723, 940, 1863, 551, 1350, 1122, 1247, 1960, 1493, 11, 785, 1604, 1755, 1680, 1955, 1814, 1921, 1516, 1049, 1657, 264, 1062, 1592, 1149, 420, 872, 1945, 114, 985, 1781, 746, 1167, 1135, 409, 1927, 1033, 846, 993, 1665, 730, 848, 708, 3, 1102, 1106]","[0, 0, 0, 1, 0, 0, 0, 0, 0, 0, 0, 0, 0, 0, 0, 0, 0, 0, 0, 0, 0, 0, 0, 1, 0, 0, 0, 0, 0, 0, 0, 0, 0, 0, 0, 1, 0, 0, 0, 0, 0, 0, 1, 0, 1, 1, 0, 0, 0, 0]"
2,February,0,20000,18332.025127448025,111,8,5,"[185, 1335, 1176, 1317, 694, 1926, 465, 799, 1979, 628, 84, 670, 382, 648, 1623, 1734, 1185, 1829, 1886, 620, 503, 684, 206, 1114, 1252, 1653, 1220, 188, 501, 450, 41, 1655, 499, 822, 148, 548, 1128, 1776, 145, 1493, 153, 44, 1301, 20, 595, 1537, 1622, 735, 1010, 960, 1766, 1759, 315, 1026, 1592, 1628, 671, 157, 1042, 1944, 1362, 354, 367, 1589, 306, 289, 1682, 1772, 654, 625, 218, 1452, 1053, 1709, 1882, 1232, 601, 258, 1830, 423, 290, 1117, 1864, 1479, 65, 1596, 647, 1681, 1849, 1276, 1646, 1376, 1857, 1132, 1721, 1932, 1528, 1412, 420, 364, 612, 886, 1100, 323, 99, 1463, 1765, 1367, 506, 517, 131, 1396, 1973, 914, 880, 1124, 512, 1108, 899, 1743]","[1, 1, 0, 0, 0, 0, 0, 1, 0, 0, 0, 1, 0, 0, 1, 0, 0, 1, 0, 0, 0, 1, 0, 0, 1, 0, 0, 1, 0, 1, 1, 1, 0, 1, 0, 0, 1, 1, 1, 1, 0, 0, 0, 0, 0, 0, 1, 0, 0, 1, 0, 1, 0, 1, 0, 1, 0, 0, 1, 0, 1, 0, 0, 0, 0, 1, 0, 1, 1, 0, 0, 0, 0, 0, 0, 0, 0, 0, 0, 0, 0, 0, 0, 1, 0, 0, 0, 0, 0, 0, 0, 0, 0, 0, 1, 0, 0, 0, 0, 0, 1, 1, 0, 0, 1, 0, 0, 0, 0, 0, 1, 0, 0, 0, 0, 1, 1, 0, 1, 1]"
3,February,1,10000,9199.664043053446,50,3,4,"[1101, 928, 22, 810, 1712, 693, 351, 528, 994, 49, 1624, 1323, 1910, 853, 1999, 1168, 38, 127, 1416, 726, 1187, 283, 1215, 256, 530, 1697, 567, 814, 1155, 821, 352, 1254, 182, 478, 995, 15, 363, 1082, 649, 1025, 1828, 1328, 1885, 897, 1904, 1405, 1308, 1497, 462, 488]","[0, 0, 0, 0, 0, 0, 0, 1, 0, 1, 0, 0, 0, 0, 0, 0, 0, 0, 0, 0, 0, 0, 0, 1, 1, 0, 0, 0, 0, 0, 0, 0, 0, 0, 0, 0, 0, 0, 0, 0, 0, 0, 0, 1, 0, 0, 0, 0, 0, 0]"
4,February,2,3000,2943.58080184952,96,3,6,"[640, 1013, 1406, 980, 1958, 460, 1459, 844, 690, 1147, 1251, 1857, 1491, 1879, 1338, 563, 1991, 1323, 449, 98, 1887, 146, 1563, 1047, 1321, 1796, 755, 326, 1568, 1622, 1808, 417, 638, 611, 1418, 613, 1738, 1131, 761, 338, 1436, 1508, 951, 1217, 174, 1753, 252, 1836, 1241, 1966, 1052, 1169, 772, 361, 319, 513, 873, 445, 1928, 1166, 1473, 1551, 1602, 106, 1395, 806, 1468, 1304, 712, 786, 1054, 1731, 337, 1114, 1494, 83, 1073, 185, 1654, 522, 1287, 206, 547, 1509, 1869, 171, 1964, 1996, 284, 1984, 1588, 1263, 1724, 1980, 1351, 1434, 167, 911, 1742, 1892]","[0, 0, 0, 0, 0, 0, 0, 1, 0, 0, 0, 0, 0, 0, 0, 0, 0, 1, 0, 0, 0, 0, 0, 0, 0, 0, 0, 0, 1, 0, 0, 0, 0, 0, 0, 0, 0, 0, 0, 0, 0, 0, 0, 0, 0, 0, 0, 0, 0, 1, 1, 0, 0, 0, 0, 1, 0, 0, 0, 1, 0, 0, 0, 0, 0, 0, 0, 0, 1, 0, 0, 0, 0, 0, 0, 0, 1, 0, 1, 0, 0, 0, 0, 0, 0, 1, 0, 0, 0, 0, 0, 0, 0, 0, 0, 0, 0, 1, 0, 0]"
5,February,3,10000,11060.0,53,5,4,"[493, 1989, 1742, 783, 1925, 1643, 1850, 886, 813, 337, 1863, 666, 897, 258, 1274, 1861, 999, 1964, 434, 244, 883, 1230, 1093, 836, 1862, 241, 1352, 605, 568, 508, 775, 1535, 1145, 8, 1965, 388, 1082, 898, 1185, 43, 63, 1285, 1992, 1240, 496, 1710, 533, 423, 354, 583, 303, 1110, 410, 559, 637, 1199, 1551, 513, 1704, 1399]","[1, 0, 0, 0, 0, 0, 0, 0, 0, 0, 1, 1, 0, 0, 0, 0, 0, 0, 0, 0, 0, 0, 0, 0, 0, 0, 0, 0, 0, 0, 0, 0, 0, 0, 0, 0, 0, 0, 0, 1, 0, 0, 0, 0, 0, 1, 0, 0, 0, 0, 1, 0, 0, 0, 0, 0, 0, 0, 0, 0]"
6,February,4,500,605.5681155063446,10,3,3,"[914, 1620, 1763, 1656, 1751, 1993, 344, 1116, 731, 1005, 860, 1752, 249, 1575, 427, 1168, 1800, 784, 419, 581]","[0, 0, 0, 1, 0, 0, 1, 0, 0, 0, 0, 0, 0, 0, 0, 0, 0, 0, 0, 0]"
7,March,0,21000,18000.0,111,8,6,"[1772, 1840, 1828, 481, 871, 926, 1383, 751, 1115, 1869, 1934, 386, 1634, 987, 1486, 148, 1667, 1721, 1999, 525, 834, 412, 16, 1529, 1089, 1577, 779, 1053, 1794, 997, 156, 826, 1261, 1807, 1044, 1630, 1184, 1197, 82, 720, 1743, 938, 13, 388, 1967, 613, 1425, 1415, 1314, 11, 1107, 245, 1683, 619, 1049, 1816, 646, 1988, 1590, 1112, 1321, 1171, 1129, 578, 1076, 842, 1110, 1924, 1676, 1898, 1952, 1060, 836, 1234, 1290, 1190, 630, 618, 268, 1036, 909, 1200, 287, 1126, 1582, 2000, 1995, 333, 517, 1303, 19, 868, 1507, 1354, 1158, 74, 754, 861, 823, 576, 1917, 1349, 1833, 1538, 1371, 37, 185, 1894, 184, 1733, 9, 785, 550, 951, 556, 1600, 763, 1302, 1534, 1745]","[0, 0, 0, 0, 0, 0, 0, 0, 0, 1, 0, 0, 1, 0, 0, 1, 0, 0, 1, 0, 1, 0, 1, 1, 0, 0, 1, 0, 0, 0, 0, 1, 0, 1, 1, 0, 0, 1, 0, 0, 0, 1, 1, 0, 0, 0, 0, 0, 0, 0, 0, 1, 1, 1, 0, 0, 0, 0, 0, 0, 1, 0, 1, 0, 0, 1, 0, 0, 0, 1, 1, 0, 0, 1, 0, 0, 1, 0, 0, 0, 1, 0, 1, 1, 0, 0, 0, 1, 1, 0, 0, 1, 0, 0, 0, 0, 0, 1, 0, 0, 0, 0, 0, 0, 0, 0, 0, 0, 0, 0, 0, 1, 0, 0, 0, 0, 0, 0, 1, 1]"
8,April,0,20000,18166.502080529335,106,5,7,"[864, 671, 8, 1584, 41, 1682, 625, 1683, 1260, 451, 173, 1521, 459, 573, 1394, 1281, 1763, 698, 551, 1231, 1472, 1061, 776, 47, 249, 675, 710, 285, 232, 513, 1840, 1576, 293, 1395, 1175, 84, 158, 188, 1484, 211, 614, 649, 509, 1084, 101, 740, 63, 160, 284, 1895, 817, 761, 1912, 1474, 1307, 1415, 495, 192, 1391, 673, 560, 16, 1055, 1819, 659, 1963, 1942, 229, 721, 1890, 1645, 1619, 1313, 1483, 1727, 257, 1241, 1898, 1782, 555, 829, 186, 1390, 1180, 1271, 1485, 1080, 973, 1155, 857, 1097, 806, 616, 1839, 449, 1295, 619, 1124, 272, 110, 1228, 1041, 225, 358, 492, 440, 1837, 890, 562, 1118, 40, 512, 1103, 554, 1935, 1085, 536, 969, 258, 825]","[1, 0, 1, 0, 0, 0, 0, 0, 0, 0, 0, 1, 1, 0, 0, 0, 0, 0, 1, 0, 0, 0, 1, 0, 0, 0, 1, 0, 0, 0, 1, 0, 0, 0, 0, 0, 0, 0, 0, 1, 0, 1, 0, 0, 0, 1, 1, 0, 0, 0, 0, 0, 1, 1, 1, 0, 0, 1, 0, 0, 0, 0, 0, 0, 0, 0, 0, 0, 0, 0, 0, 0, 0, 0, 0, 0, 0, 1, 0, 0, 0, 0, 0, 0, 0, 1, 0, 0, 1, 0, 1, 0, 1, 0, 0, 0, 1, 1, 0, 1, 1, 0, 0, 0, 1, 0, 0, 1, 0, 0, 0, 1, 0, 0, 1, 0, 0, 0, 0, 0]"
9,April,1,14000,8839.63726457204,40,6,8,"[1451, 212, 1525, 764, 141, 1340, 1114, 743, 1115, 1137, 1728, 1647, 1481, 1039, 1402, 1189, 62, 1267, 631, 912, 1397, 270, 319, 152, 1870, 1186, 290, 1385, 1800, 1693, 442, 991, 1723, 1640, 1737, 1571, 687, 747, 1819, 598, 327, 318, 1738, 1628, 781, 1706, 900, 830, 241, 2000]","[1, 1, 0, 0, 0, 0, 0, 0, 0, 0, 0, 0, 0, 1, 0, 0, 0, 0, 0, 0, 0, 0, 0, 1, 0, 0, 0, 0, 0, 0, 0, 0, 0, 0, 0, 0, 0, 0, 0, 0, 0, 0, 0, 0, 0, 0, 0, 0, 0, 1]"
10,April,2,6000,3250.0,88,2,6,"[1230, 297, 552, 604, 1365, 1406, 1637, 1308, 1236, 1951, 16, 1100, 1950, 19, 1883, 1669, 1316, 271, 777, 1529, 1150, 1929, 1807, 207, 941, 62, 1595, 884, 1225, 1391, 864, 565, 1911, 758, 836, 831, 1240, 946, 109, 203, 964, 76, 1323, 1442, 1428, 1, 1663, 86, 1703, 227, 1202, 285, 1086, 1040, 1563, 729, 1128, 554, 1603, 1163, 1861, 1983, 1341, 1642, 970, 1678, 502, 1899, 1655, 1273, 491, 216, 1151, 1949, 732, 1785, 324, 238, 1590, 83, 1876, 1441, 642, 865, 1801, 1489, 709, 519, 1346, 1281, 1839, 1581, 1875, 114, 1263, 890, 849, 770, 734, 601]","[0, 0, 0, 0, 0, 0, 0, 1, 1, 0, 1, 0, 0, 0, 0, 0, 0, 0, 1, 0, 0, 0, 0, 0, 0, 0, 0, 0, 0, 0, 0, 0, 0, 0, 0, 0, 0, 0, 0, 0, 0, 0, 0, 0, 0, 0, 0, 0, 0, 0, 0, 0, 0, 0, 0, 0, 0, 0, 1, 0, 0, 0, 0, 1, 1, 1, 0, 0, 0, 1, 0, 0, 0, 0, 0, 0, 0, 0, 1, 0, 1, 1, 0, 0, 0, 0, 0, 0, 1, 0, 0, 0, 0, 0, 0, 0, 0, 0, 0, 0]"
11,May,0,20000,18000.0,106,6,7,"[151, 993, 1835, 1299, 171, 1734, 1105, 913, 685, 1024, 1882, 1659, 1114, 6, 1889, 329, 1863, 665, 739, 438, 299, 1188, 303, 1207, 220, 827, 649, 1775, 1041, 861, 1682, 737, 699, 1744, 532, 1246, 754, 77, 1456, 129, 1571, 1291, 505, 1679, 1618, 543, 1545, 1984, 813, 1127, 581, 1175, 1609, 1266, 170, 153, 1451, 348, 1852, 1917, 1950, 547, 847, 258, 578, 1128, 1487, 1312, 538, 480, 431, 202, 567, 1478, 983, 96, 1510, 1048, 617, 1612, 1788, 1660, 1998, 417, 1683, 1113, 646, 695, 1896, 606, 1760, 1057, 272, 72, 905, 1667, 745, 1636, 1530, 76, 58, 855, 1535, 335, 1816, 1140, 83, 1447, 1204, 1437, 1359, 1289, 1787, 1076, 869, 377, 1992, 1849, 404, 476]","[0, 0, 0, 0, 0, 0, 0, 1, 0, 1, 1, 0, 1, 0, 1, 0, 0, 0, 0, 1, 0, 1, 0, 0, 0, 0, 0, 0, 0, 0, 0, 0, 0, 0, 1, 0, 0, 0, 0, 0, 0, 0, 1, 0, 1, 0, 0, 0, 1, 1, 1, 1, 0, 0, 0, 0, 0, 0, 1, 0, 0, 1, 0, 0, 0, 1, 0, 0, 0, 0, 0, 0, 1, 0, 0, 0, 1, 0, 0, 0, 0, 0, 0, 1, 0, 1, 1, 0, 0, 0, 0, 1, 1, 0, 0, 0, 1, 0, 0, 0, 1, 0, 0, 1, 1, 0, 1, 0, 0, 0, 0, 0, 0, 0, 1, 0, 0, 1, 0, 0]"
12,June,0,19000,17818.90630343855,110,7,6,"[1195, 1322, 598, 1659, 1122, 1357, 565, 879, 23, 1724, 636, 1540, 177, 1308, 1007, 235, 1026, 451, 1782, 1240, 1531, 1317, 1534, 1993, 1898, 542, 894, 763, 1606, 472, 111, 209, 1222, 1055, 1053, 1047, 333, 265, 1889, 98, 1811, 139, 446, 6, 1377, 126, 866, 1498, 1465, 1745, 43, 135, 112, 18, 71, 1101, 694, 681, 1607, 38, 1252, 1144, 432, 960, 409, 545, 604, 1191, 1127, 1068, 514, 1820, 478, 374, 431, 801, 1816, 122, 488, 1986, 1137, 1434, 926, 72, 678, 669, 833, 245, 32, 1152, 378, 1035, 1311, 191, 1559, 447, 460, 361, 622, 1854, 1650, 200, 120, 1627, 642, 1798, 1487, 299, 128, 1705, 907, 307, 88, 586, 1969, 705, 119, 1207, 182, 906]","[1, 1, 0, 0, 0, 1, 0, 1, 0, 0, 0, 1, 0, 0, 0, 1, 0, 0, 0, 0, 0, 0, 0, 0, 0, 1, 1, 1, 0, 1, 0, 1, 1, 0, 0, 0, 0, 0, 1, 0, 0, 0, 1, 0, 0, 1, 0, 1, 0, 0, 1, 1, 0, 0, 1, 1, 1, 0, 0, 0, 0, 0, 0, 0, 0, 1, 1, 0, 0, 0, 0, 0, 0, 0, 1, 0, 0, 1, 0, 0, 0, 0, 0, 0, 0, 0, 0, 0, 0, 0, 0, 1, 0, 0, 1, 1, 0, 0, 0, 1, 0, 0, 0, 0, 0, 1, 0, 1, 0, 0, 1, 0, 0, 0, 1, 0, 0, 0, 1, 0]"
13,June,1,11000,9034.0,39,6,6,"[410, 1625, 466, 1361, 379, 244, 117, 414, 110, 1528, 1491, 237, 179, 1950, 1610, 1662, 1520, 450, 1921, 585, 1462, 516, 1079, 865, 1784, 509, 1479, 66, 1482, 515, 1566, 398, 667, 716, 731, 930, 1565, 1790, 1889, 1350, 1776, 1260, 783, 1770, 1390, 791, 183, 872, 1908, 500]","[0, 0, 0, 0, 0, 0, 0, 0, 0, 0, 0, 0, 0, 0, 0, 0, 0, 0, 0, 0, 0, 0, 0, 0, 0, 0, 0, 0, 0, 0, 0, 0, 0, 0, 0, 0, 0, 0, 0, 0, 0, 0, 0, 0, 1, 0, 0, 0, 0, 0]"
14,June,2,6000,3250.0,85,3,8,"[1703, 1700, 1002, 1796, 703, 1865, 365, 1238, 1329, 233, 490, 148, 1582, 1633, 894, 1813, 567, 1090, 622, 1885, 1989, 1906, 686, 1545, 758, 838, 934, 746, 720, 646, 811, 1962, 965, 1047, 35, 260, 619, 344, 618, 1160, 259, 1785, 1123, 1456, 1488, 306, 341, 937, 1320, 1284, 311, 276, 329, 163, 1664, 1253, 519, 482, 728, 1321, 645, 351, 1752, 968, 634, 158, 877, 315, 1126, 723, 1815, 920, 1876, 220, 1730, 319, 1401, 141, 1403, 382, 982, 1094, 71, 95, 1487, 1955, 392, 1330, 729, 1506, 1971, 749, 1039, 1913, 1782, 727, 1757, 1743, 1601, 1031]","[0, 0, 1, 0, 0, 0, 1, 0, 0, 0, 0, 0, 0, 0, 0, 0, 0, 0, 0, 1, 1, 0, 1, 0, 0, 0, 0, 0, 0, 1, 1, 0, 0, 0, 0, 0, 1, 0, 1, 0, 0, 0, 0, 0, 0, 0, 0, 0, 0, 0, 0, 0, 0, 0, 1, 0, 0, 1, 0, 0, 0, 0, 0, 0, 0, 1, 0, 0, 1, 1, 0, 0, 0, 0, 0, 0, 0, 0, 1, 1, 0, 1, 1, 1, 0, 1, 0, 0, 0, 0, 1, 0, 0, 0, 1, 0, 0, 0, 0, 1]"
15,June,3,13000,11060.0,56,8,4,"[1284, 1659, 1363, 767, 700, 1339, 246, 378, 1942, 768, 66, 554, 1812, 1257, 1457, 1976, 1635, 430, 127, 505, 1715, 1736, 623, 669, 1153, 825, 500, 736, 1581, 101, 474, 1928, 595, 1428, 1164, 13, 400, 198, 1998, 277, 456, 755, 1036, 1823, 545, 288, 332, 467, 154, 637, 1174, 1045, 1042, 1845, 1821, 1104, 1229, 1850, 1768, 1109]","[0, 0, 0, 0, 1, 0, 0, 0, 0, 0, 0, 0, 1, 1, 0, 0, 1, 0, 0, 0, 1, 0, 0, 0, 0, 0, 0, 0, 0, 0, 0, 0, 0, 0, 0, 0, 0, 0, 0, 1, 0, 0, 0, 0, 1, 0, 0, 0, 0, 0, 0, 0, 0, 0, 0, 0, 0, 0, 0, 1]"
16,July,0,21000,18352.272911898788,117,8,4,"[493, 1371, 806, 935, 1606, 1262, 902, 1162, 195, 110, 352, 1669, 1680, 1677, 1079, 15, 90, 881, 1749, 1609, 570, 850, 271, 1760, 482, 1423, 1580, 1352, 766, 1855, 849, 1595, 700, 1198, 1530, 96, 1036, 930, 264, 1410, 1883, 1071, 745, 1197, 123, 715, 240, 1722, 1765, 502, 1301, 1309, 255, 894, 1947, 304, 1649, 39, 748, 266, 308, 590, 50, 967, 1306, 54, 989, 137, 1536, 1631, 1207, 882, 188, 962, 1114, 1234, 1026, 198, 263, 1103, 1736, 1380, 1447, 1933, 1317, 1232, 1115, 1948, 839, 495, 1867, 777, 978, 1705, 1502, 649, 896, 239, 431, 1212, 1251, 1773, 1428, 756, 213, 196, 726, 216, 1808, 1856, 401, 227, 1412, 1339, 1210, 179, 7, 1049, 884, 1866]","[0, 1, 0, 0, 0, 1, 0, 0, 1, 1, 0, 0, 1, 1, 0, 0, 0, 1, 0, 1, 0, 0, 0, 0, 1, 0, 0, 0, 0, 0, 0, 0, 0, 0, 0, 0, 0, 0, 0, 1, 1, 0, 0, 0, 1, 1, 0, 0, 1, 0, 0, 0, 0, 0, 0, 0, 0, 0, 1, 0, 1, 0, 0, 0, 0, 0, 0, 1, 0, 0, 0, 0, 0, 0, 1, 0, 0, 1, 1, 0, 0, 1, 1, 0, 0, 0, 0, 0, 0, 0, 0, 0, 1, 0, 1, 0, 0, 0, 0, 0, 0, 1, 1, 0, 0, 0, 0, 0, 1, 0, 1, 0, 0, 1, 0, 0, 0, 0, 0, 1]"
17,July,1,12000,9217.352857187623,48,3,5,"[1975, 480, 187, 629, 998, 1252, 126, 1174, 878, 1147, 610, 802, 1286, 83, 1372, 1219, 59, 566, 1861, 1270, 979, 896, 448, 550, 1862, 1780, 658, 1586, 1988, 1943, 978, 904, 1093, 112, 1052, 355, 1526, 1446, 932, 605, 1198, 1208, 373, 657, 1044, 1993, 1348, 814, 1555, 1980]","[0, 0, 0, 0, 0, 1, 0, 0, 0, 0, 0, 0, 0, 0, 0, 0, 0, 0, 0, 1, 0, 0, 0, 0, 0, 0, 0, 0, 0, 0, 0, 0, 0, 0, 0, 0, 0, 1, 0, 0, 0, 0, 0, 0, 0, 0, 0, 0, 0, 0]"
18,July,2,3000,3078.4412535386305,98,2,5,"[1365, 1418, 847, 1403, 1146, 1222, 815, 977, 1540, 1290, 451, 627, 35, 129, 302, 1010, 1992, 1682, 1828, 237, 1693, 736, 530, 1731, 1717, 633, 1617, 1108, 1800, 620, 283, 218, 1027, 282, 932, 1742, 77, 912, 961, 1494, 1166, 1864, 667, 1109, 760, 256, 1456, 1999, 29, 1101, 412, 1576, 550, 1274, 1659, 132, 1607, 946, 580, 24, 1324, 544, 1484, 1969, 1416, 44, 1158, 822, 229, 200, 659, 1239, 1269, 1305, 1424, 1409, 1173, 1900, 1817, 916, 187, 1251, 1020, 1084, 703, 1206, 1789, 1391, 89, 384, 347, 113, 1263, 238, 1651, 87, 240, 1136, 624, 1542]","[0, 0, 0, 0, 1, 1, 0, 0, 0, 0, 0, 0, 1, 0, 0, 1, 0, 0, 0, 0, 0, 0, 0, 1, 0, 0, 0, 0, 0, 0, 0, 0, 0, 0, 0, 0, 0, 0, 0, 0, 0, 0, 0, 0, 0, 0, 0, 0, 0, 0, 0, 0, 0, 0, 0, 1, 0, 0, 0, 1, 0, 0, 0, 0, 0, 0, 0, 0, 1, 0, 0, 1, 1, 0, 0, 0, 0, 1, 0, 0, 0, 0, 0, 0, 0, 1, 0, 1, 0, 0, 0, 0, 0, 1, 1, 0, 1, 0, 0, 0]"
19,July,3,13000,11060.0,56,4,4,"[1606, 410, 331, 1092, 307, 466, 1772, 445, 183, 1031, 722, 1839, 1413, 1721, 1152, 891, 546, 1258, 275, 585, 1183, 1663, 508, 142, 1753, 1220, 542, 116, 1910, 44, 884, 1251, 1976, 578, 1727, 972, 864, 893, 1657, 139, 379, 439, 1572, 1390, 69, 1906, 1304, 1686, 1551, 879, 1952, 1738, 848, 726, 1926, 1047, 1865, 303, 366, 1616]","[1, 0, 1, 0, 0, 0, 1, 0, 0, 0, 0, 0, 0, 0, 0, 0, 0, 0, 0, 0, 0, 0, 0, 0, 0, 0, 0, 0, 0, 0, 0, 0, 0, 0, 0, 1, 1, 0, 0, 0, 0, 0, 0, 0, 0, 0, 0, 0, 0, 0, 0, 0, 0, 0, 0, 0, 1, 0, 0, 0]"
20,August,0,19000,18152.040225332315,118,5,6,"[556, 906, 690, 1156, 1895, 48, 160, 967, 1704, 1498, 1535, 858, 331, 1837, 881, 328, 1710, 1112, 1042, 1592, 1039, 1492, 1031, 1275, 352, 547, 845, 1532, 985, 584, 1961, 711, 1917, 1449, 935, 1782, 814, 1129, 771, 586, 491, 734, 1110, 1115, 1662, 1815, 1467, 1441, 1087, 461, 542, 41, 1745, 1346, 148, 539, 1452, 1795, 798, 540, 1576, 1639, 1204, 516, 1004, 32, 326, 1680, 990, 226, 449, 311, 231, 787, 116, 353, 139, 194, 959, 1124, 1494, 1340, 1608, 51, 118, 555, 105, 1083, 1821, 1519, 1314, 425, 728, 1219, 896, 693, 1840, 652, 1789, 782, 1338, 796, 594, 169, 469, 1674, 1486, 903, 1148, 715, 875, 883, 1853, 1491, 1526, 892, 1202, 545, 382, 308]","[0, 0, 1, 0, 0, 0, 1, 0, 1, 0, 1, 0, 0, 0, 0, 0, 0, 0, 0, 1, 1, 0, 0, 1, 1, 1, 1, 1, 0, 0, 0, 0, 0, 0, 1, 1, 0, 0, 0, 0, 0, 0, 1, 0, 1, 0, 0, 0, 0, 1, 1, 0, 0, 1, 1, 0, 0, 0, 0, 0, 1, 1, 1, 0, 0, 0, 0, 1, 0, 0, 0, 1, 0, 0, 1, 0, 0, 0, 0, 0, 1, 0, 1, 0, 1, 1, 0, 0, 0, 1, 0, 0, 0, 1, 0, 1, 0, 0, 0, 0, 1, 0, 0, 0, 1, 0, 1, 0, 1, 0, 0, 0, 0, 0, 0, 0, 0, 1, 0, 0]"
21,August,1,11000,9034.0,42,2,7,"[1755, 108, 676, 1970, 720, 1980, 771, 137, 1292, 1214, 1624, 1993, 651, 1179, 1848, 1987, 362, 297, 1564, 1473, 1872, 1722, 1280, 234, 1088, 418, 977, 1938, 1442, 477, 734, 1262, 1080, 1867, 1282, 1456, 330, 1583, 416, 612, 351, 1739, 1534, 283, 1324, 819, 871, 1001, 718, 1441]","[0, 0, 0, 0, 1, 0, 0, 0, 0, 0, 0, 0, 0, 0, 0, 0, 0, 0, 1, 0, 0, 0, 0, 0, 0, 0, 1, 0, 0, 0, 0, 0, 0, 0, 0, 1, 0, 0, 0, 0, 0, 0, 1, 1, 0, 0, 0, 0, 0, 0]"
22,August,2,4000,3631.636067196787,93,5,8,"[1597, 69, 1089, 154, 49, 753, 509, 318, 437, 1862, 811, 908, 1044, 1206, 558, 872, 1221, 1759, 692, 1895, 987, 1843, 697, 166, 1212, 1251, 112, 1591, 285, 1879, 1736, 1139, 1521, 962, 1940, 360, 186, 16, 133, 375, 570, 397, 1475, 943, 823, 1461, 1109, 1047, 555, 1429, 1993, 1761, 1884, 1395, 540, 1140, 787, 1779, 215, 1449, 809, 948, 494, 145, 1488, 1503, 640, 275, 1404, 1236, 54, 1289, 1447, 775, 1305, 115, 594, 706, 1579, 1347, 1769, 1906, 1855, 34, 1422, 1271, 899, 649, 1197, 20, 1560, 1090, 646, 1883, 1809, 1493, 1611, 802, 1934, 1554]","[0, 0, 0, 0, 1, 0, 0, 0, 0, 0, 0, 0, 1, 0, 0, 0, 1, 0, 0, 0, 0, 0, 1, 0, 1, 0, 0, 0, 0, 0, 0, 0, 0, 0, 0, 1, 0, 0, 0, 0, 1, 1, 0, 1, 0, 0, 1, 0, 1, 0, 0, 0, 1, 0, 0, 0, 0, 1, 0, 0, 1, 0, 0, 0, 1, 0, 0, 0, 0, 0, 1, 1, 0, 0, 0, 1, 0, 0, 0, 0, 1, 0, 1, 0, 0, 1, 0, 0, 0, 0, 0, 0, 0, 0, 0, 1, 0, 1, 0, 0]"
23,August,3,10000,11376.255804179753,59,7,7,"[1498, 104, 1195, 1665, 1399, 914, 1749, 1405, 1413, 1332, 199, 867, 831, 1506, 252, 1756, 1158, 1804, 35, 23, 1873, 1913, 1587, 1140, 1219, 836, 1561, 1991, 713, 359, 828, 1504, 83, 293, 1901, 1925, 1653, 584, 1057, 1435, 1254, 841, 1687, 1321, 340, 1614, 1167, 960, 1480, 601, 1193, 1660, 2000, 524, 1517, 1391, 71, 1595, 1806, 800]","[1, 1, 0, 0, 0, 0, 0, 0, 0, 0, 0, 0, 0, 0, 0, 0, 0, 0, 0, 0, 0, 0, 0, 0, 0, 0, 0, 0, 0, 0, 0, 0, 0, 0, 1, 0, 0, 0, 0, 0, 0, 0, 0, 0, 0, 0, 0, 0, 0, 0, 0, 0, 0, 0, 0, 0, 0, 1, 0, 0]"
24,September,0,20000,18364.09037651041,115,8,5,"[85, 1572, 67, 1769, 315, 1473, 1017, 1923, 894, 617, 1947, 1743, 750, 830, 1594, 1757, 729, 1264, 405, 586, 1873, 573, 1638, 1755, 541, 989, 1265, 312, 1607, 1188, 730, 289, 798, 125, 147, 532, 154, 1587, 1010, 426, 929, 1768, 629, 82, 550, 690, 1727, 8, 1699, 1408, 1389, 1259, 1014, 1606, 883, 1670, 1785, 1859, 867, 1544, 1910, 1246, 1474, 995, 1556, 396, 1519, 885, 1765, 801, 592, 1820, 196, 165, 1959, 1488, 329, 1445, 1871, 748, 1164, 879, 1444, 782, 252, 1719, 1789, 770, 106, 888, 1245, 411, 230, 469, 1759, 978, 785, 354, 1405, 272, 450, 1268, 1418, 710, 661, 1035, 900, 1658, 1576, 1774, 341, 774, 1291, 1930, 991, 1153, 1967, 377, 76, 1031]","[1, 0, 1, 0, 1, 0, 0, 0, 0, 0, 0, 0, 1, 1, 0, 0, 0, 1, 1, 0, 0, 1, 0, 0, 1, 1, 1, 0, 1, 0, 1, 0, 0, 1, 1, 1, 0, 0, 0, 0, 0, 0, 0, 0, 1, 1, 0, 1, 1, 0, 1, 0, 0, 1, 0, 0, 0, 0, 0, 1, 0, 0, 1, 1, 0, 0, 1, 1, 0, 0, 0, 1, 0, 0, 0, 0, 1, 0, 1, 0, 1, 1, 1, 0, 1, 0, 1, 0, 0, 1, 0, 0, 0, 0, 0, 0, 0, 0, 0, 0, 1, 1, 1, 0, 1, 1, 0, 1, 1, 1, 0, 1, 0, 0, 0, 0, 1, 0, 0, 1]"
25,September,1,12000,8857.145058132044,42,3,5,"[406, 1392, 511, 1562, 268, 244, 560, 1991, 1933, 1140, 26, 10, 761, 584, 1703, 1704, 439, 111, 1910, 638, 1344, 1389, 303, 260, 137, 1470, 320, 1207, 856, 549, 1567, 1659, 267, 149, 1844, 395, 1888, 1565, 329, 1232, 853, 443, 1600, 804, 1108, 1737, 1003, 354, 1235, 131]","[0, 0, 0, 0, 0, 0, 0, 0, 0, 0, 0, 0, 0, 0, 0, 0, 0, 0, 0, 1, 0, 0, 0, 0, 0, 0, 1, 0, 0, 0, 0, 0, 0, 1, 0, 0, 0, 0, 0, 0, 1, 0, 0, 0, 0, 0, 0, 0, 0, 0]"
26,September,2,7000,2939.4616199891348,90,4,6,"[1645, 1020, 497, 417, 149, 1397, 310, 500, 1843, 387, 1249, 1257, 1435, 1965, 301, 1122, 531, 1978, 133, 1576, 1539, 1749, 1175, 1878, 762, 161, 728, 1081, 570, 367, 1344, 1161, 961, 887, 1604, 1140, 1179, 1454, 1146, 452, 1899, 258, 1134, 1206, 240, 1628, 1811, 891, 1518, 877, 753, 458, 908, 1382, 1151, 1946, 802, 681, 1371, 375, 107, 1568, 1879, 99, 752, 1767, 1267, 948, 330, 1358, 1474, 955, 1173, 764, 721, 319, 936, 411, 1118, 977, 1097, 577, 1224, 426, 260, 1247, 451, 578, 216, 1704, 1361, 180, 1343, 464, 1733, 869, 1048, 438, 1374, 1714]","[0, 0, 0, 1, 0, 0, 1, 0, 1, 0, 1, 0, 0, 0, 0, 0, 0, 0, 0, 0, 0, 1, 0, 0, 0, 0, 0, 0, 0, 0, 0, 0, 0, 0, 0, 0, 0, 0, 0, 0, 1, 0, 0, 0, 0, 0, 0, 0, 1, 0, 0, 1, 0, 0, 1, 0, 0, 0, 0, 0, 0, 0, 0, 0, 0, 0, 0, 0, 0, 0, 0, 0, 0, 1, 0, 1, 0, 0, 0, 0, 0, 0, 0, 1, 0, 0, 0, 0, 0, 0, 0, 0, 0, 1, 1, 0, 0, 0, 0, 1]"
27,September,3,12000,11060.0,46,6,7,"[615, 1008, 1468, 126, 769, 417, 1302, 1430, 109, 632, 1529, 613, 1272, 431, 877, 25, 1552, 935, 666, 859, 499, 1326, 215, 345, 1035, 104, 1513, 782, 1939, 333, 1910, 1708, 35, 1053, 1015, 1899, 993, 755, 1124, 1757, 873, 58, 1321, 1216, 1364, 892, 797, 1971, 486, 1060, 16, 1146, 1284, 88, 1976, 1726, 1337, 1809, 409, 1325]","[0, 0, 0, 0, 0, 0, 1, 1, 1, 0, 0, 1, 0, 0, 0, 0, 0, 0, 0, 1, 0, 0, 0, 0, 1, 1, 0, 1, 0, 0, 0, 0, 1, 0, 0, 0, 1, 0, 0, 0, 0, 0, 0, 0, 0, 1, 0, 1, 0, 0, 0, 0, 0, 0, 0, 0, 0, 0, 1, 0]"
28,October,0,20000,18156.737905003512,116,6,5,"[1369, 944, 1182, 1827, 970, 1671, 555, 1407, 1276, 850, 582, 567, 1777, 908, 134, 227, 1929, 666, 916, 1864, 1396, 1386, 1831, 588, 1062, 1680, 1822, 1717, 464, 1042, 1851, 1866, 655, 508, 317, 321, 520, 1450, 1687, 843, 1727, 61, 1380, 879, 815, 461, 278, 147, 173, 338, 959, 1233, 1489, 777, 1628, 1631, 1889, 450, 598, 1236, 801, 549, 16, 581, 306, 246, 1519, 882, 576, 1512, 1373, 616, 1410, 857, 1134, 125, 1356, 1526, 304, 199, 1835, 1582, 339, 1061, 998, 1668, 886, 1896, 117, 734, 1324, 651, 629, 73, 627, 1642, 924, 64, 704, 1144, 1285, 435, 539, 1966, 1534, 560, 345, 1883, 587, 1047, 692, 1137, 1672, 183, 1424, 72, 263, 1988, 269, 785]","[0, 1, 0, 0, 0, 0, 0, 0, 0, 0, 1, 0, 1, 0, 1, 1, 0, 0, 0, 0, 1, 0, 1, 0, 0, 0, 1, 0, 1, 0, 1, 0, 0, 0, 0, 0, 0, 1, 1, 1, 1, 0, 0, 0, 0, 0, 1, 0, 1, 1, 0, 0, 0, 0, 0, 0, 1, 0, 0, 0, 0, 0, 0, 0, 1, 0, 0, 0, 1, 0, 1, 0, 1, 0, 0, 1, 0, 1, 1, 0, 0, 1, 1, 0, 0, 1, 1, 0, 1, 0, 1, 1, 0, 0, 0, 1, 0, 0, 1, 0, 0, 0, 0, 0, 0, 0, 1, 1, 1, 0, 0, 1, 1, 0, 1, 1, 0, 1, 0, 0]"
29,October,1,12000,9205.685271334169,48,3,5,"[661, 694, 1705, 1645, 964, 342, 599, 55, 1544, 1982, 543, 36, 1112, 1306, 1254, 1165, 47, 860, 1104, 1692, 950, 1671, 1577, 49, 1653, 1265, 1042, 1758, 1723, 796, 217, 254, 1788, 1176, 1166, 33, 1621, 785, 183, 1022, 1774, 439, 724, 1199, 66, 1695, 839, 966, 1777, 1110]","[1, 0, 0, 0, 0, 0, 0, 0, 0, 0, 0, 0, 0, 1, 0, 0, 0, 0, 0, 0, 0, 0, 0, 0, 0, 1, 0, 0, 0, 0, 0, 0, 0, 0, 0, 0, 0, 0, 0, 1, 0, 0, 0, 0, 0, 0, 0, 0, 0, 0]"
30,November,0,18000,18000.0,120,6,4,"[428, 977, 1784, 1122, 1759, 1918, 408, 1062, 1510, 1610, 1094, 1314, 463, 282, 886, 1430, 1839, 1531, 406, 1468, 746, 1006, 466, 99, 503, 1700, 235, 1983, 743, 136, 1424, 87, 435, 884, 678, 1509, 833, 920, 904, 1675, 942, 1802, 1345, 1219, 1527, 1262, 1338, 1318, 919, 760, 80, 416, 1864, 1395, 531, 266, 1692, 1906, 1061, 1552, 1514, 221, 1612, 1557, 1808, 850, 1716, 409, 670, 211, 1708, 10, 1780, 1511, 457, 1927, 1471, 1636, 786, 399, 620, 1668, 632, 1350, 1595, 766, 1999, 1857, 476, 57, 1389, 1825, 1702, 511, 1221, 568, 624, 371, 1635, 1363, 1434, 234, 1804, 30, 712, 1492, 1922, 316, 1423, 1158, 1536, 797, 1725, 1005, 932, 1596, 1718, 1404, 1824, 230]","[1, 0, 0, 0, 0, 0, 0, 0, 1, 0, 1, 0, 1, 1, 0, 1, 1, 0, 1, 1, 0, 1, 0, 1, 0, 1, 0, 0, 0, 1, 0, 0, 1, 1, 0, 0, 0, 0, 0, 0, 0, 0, 0, 1, 0, 0, 1, 0, 0, 1, 0, 0, 0, 0, 0, 1, 0, 1, 1, 0, 0, 1, 0, 0, 0, 0, 1, 0, 0, 0, 0, 1, 0, 0, 0, 1, 0, 1, 0, 1, 0, 0, 1, 0, 0, 1, 1, 1, 0, 0, 0, 1, 0, 0, 0, 1, 1, 0, 1, 0, 0, 1, 0, 1, 0, 0, 0, 1, 1, 0, 1, 0, 0, 0, 0, 0, 1, 1, 0, 0]"
31,December,0,21000,18347.153838429782,120,4,5,"[623, 552, 452, 1263, 20, 1752, 1342, 982, 732, 165, 1702, 538, 995, 1473, 804, 940, 1674, 93, 874, 518, 998, 1085, 306, 659, 303, 421, 1506, 780, 249, 227, 1607, 1816, 1829, 658, 294, 960, 1286, 1066, 1637, 919, 1772, 1887, 1077, 316, 1926, 1011, 1724, 319, 1743, 124, 387, 1442, 816, 684, 1318, 1516, 529, 999, 592, 75, 892, 164, 439, 54, 1943, 1178, 655, 828, 1662, 597, 504, 614, 1693, 884, 716, 1771, 904, 1825, 664, 1687, 1395, 1527, 568, 246, 1382, 761, 69, 1682, 591, 416, 1485, 1203, 222, 1234, 1668, 1501, 34, 528, 1962, 1975, 226, 1842, 943, 603, 1118, 572, 763, 295, 1008, 118, 213, 775, 1818, 910, 1882, 641, 1823, 14, 1824, 1897]","[0, 0, 0, 1, 1, 1, 1, 0, 1, 0, 0, 0, 1, 1, 1, 1, 0, 0, 1, 0, 1, 0, 0, 0, 1, 1, 1, 1, 1, 0, 0, 1, 0, 0, 0, 1, 1, 1, 1, 0, 0, 1, 0, 0, 0, 1, 1, 0, 0, 0, 0, 0, 0, 0, 0, 0, 0, 0, 0, 0, 0, 0, 0, 0, 0, 0, 1, 0, 1, 1, 0, 1, 0, 0, 1, 1, 0, 0, 1, 0, 1, 0, 0, 0, 0, 0, 0, 1, 1, 0, 0, 1, 0, 1, 0, 0, 0, 1, 0, 1, 0, 1, 1, 1, 0, 0, 1, 0, 0, 0, 0, 0, 0, 1, 0, 0, 0, 1, 0, 0]"
32,December,1,12000,8704.583390049316,39,6,5,"[1725, 955, 1288, 481, 279, 642, 307, 417, 993, 1773, 351, 1852, 576, 705, 449, 1326, 1575, 1432, 1368, 1817, 424, 1258, 1941, 125, 1236, 930, 1624, 564, 1374, 1386, 949, 944, 962, 747, 874, 866, 139, 1992, 1929, 460, 1926, 113, 665, 212, 1369, 785, 1116, 1464, 1420, 1023]","[0, 0, 0, 0, 0, 0, 1, 1, 0, 0, 0, 0, 0, 0, 0, 0, 0, 0, 0, 0, 0, 0, 0, 0, 0, 1, 0, 0, 0, 0, 0, 0, 0, 0, 0, 0, 0, 1, 0, 0, 1, 0, 1, 1, 0, 0, 1, 0, 0, 0]"
33,December,2,5000,3417.232747187868,92,5,7,"[677, 291, 1855, 415, 140, 1636, 549, 1017, 1810, 996, 959, 652, 953, 1113, 164, 1008, 1222, 573, 1491, 1118, 1717, 1321, 232, 1449, 1170, 1654, 1671, 269, 1827, 853, 190, 1520, 296, 1871, 1668, 782, 197, 867, 1882, 1501, 1140, 446, 1939, 300, 7, 1146, 1390, 1264, 230, 1915, 1698, 207, 167, 676, 254, 1386, 1193, 1145, 1317, 766, 1399, 808, 152, 847, 1759, 1684, 1736, 1740, 1325, 923, 614, 1523, 1594, 892, 1910, 902, 814, 1275, 1115, 1245, 273, 936, 1237, 979, 792, 1764, 217, 680, 568, 1283, 1701, 289, 542, 1349, 89, 193, 1598, 1955, 340, 1499]","[0, 0, 1, 0, 0, 0, 1, 1, 0, 1, 0, 0, 1, 1, 0, 1, 0, 0, 0, 1, 0, 0, 0, 0, 0, 0, 0, 0, 0, 0, 0, 0, 0, 0, 1, 0, 0, 0, 1, 0, 0, 0, 1, 0, 0, 0, 0, 1, 0, 0, 0, 0, 0, 0, 0, 0, 0, 0, 1, 0, 0, 0, 0, 1, 0, 0, 0, 0, 0, 0, 0, 0, 0, 0, 0, 0, 0, 1, 0, 1, 0, 0, 0, 0, 0, 0, 0, 0, 0, 1, 0, 1, 0, 0, 1, 0, 0, 0, 0, 0]"
34,December,3,13000,10887.656799873348,55,8,7,"[1349, 72, 9, 1804, 669, 692, 84, 331, 863, 899, 1267, 35, 883, 1125, 1158, 822, 250, 1786, 1391, 809, 116, 56, 279, 491, 1979, 1791, 1034, 995, 1329, 799, 1932, 642, 262, 590, 1253, 285, 1164, 1159, 1751, 286, 1134, 289, 1554, 298, 1205, 485, 1487, 1831, 1748, 406, 1894, 62, 1704, 1945, 435, 1002, 1145, 1986, 937, 1613]","[0, 0, 1, 0, 0, 0, 1, 0, 0, 0, 0, 0, 1, 0, 0, 0, 0, 0, 0, 0, 0, 0, 0, 0, 0, 0, 0, 0, 0, 1, 0, 1, 1, 0, 0, 0, 0, 0, 0, 0, 0, 0, 0, 0, 0, 0, 0, 0, 0, 0, 0, 0, 0, 0, 0, 0, 0, 0, 0, 0]"
